{
  "version": 1,
  "author": "Anonymous maker",
  "editor": "wokwi",
  "parts": [
    { "type": "wokwi-arduino-uno", "id": "uno", "top": 29.4, "left": -0.6, "attrs": {} },
    {
      "type": "wokwi-lcd1602",
      "id": "lcd1",
      "top": 208,
      "left": 293.6,
      "attrs": { "pins": "i2c" }
    },
    {
      "type": "wokwi-pushbutton",
      "id": "btn1",
      "top": -38.5,
      "left": 128.3,
      "rotate": 90,
      "attrs": { "color": "black", "xray": "1" }
    },
    { "type": "wokwi-potentiometer", "id": "pot1", "top": 248.3, "left": 28.6, "attrs": {} },
    { "type": "wokwi-potentiometer", "id": "pot2", "top": 37.1, "left": -105.8, "attrs": {} },
    { "type": "wokwi-potentiometer", "id": "pot3", "top": 219.5, "left": -96.2, "attrs": {} }
  ],
  "connections": [
    [ "uno:GND.1", "btn1:2.r", "black", [ "v0" ] ],
    [ "uno:2", "btn1:1.r", "gray", [ "v0" ] ],
    [ "uno:GND.2", "lcd1:GND", "black", [ "v0" ] ],
    [ "uno:5V", "lcd1:VCC", "red", [ "v0" ] ],
    [ "lcd1:SDA", "uno:A4", "green", [ "h0" ] ],
    [ "lcd1:SCL", "uno:A5", "orange", [ "h0" ] ],
    [ "pot1:VCC", "uno:5V", "red", [ "v19.2", "h76" ] ],
    [ "pot1:SIG", "uno:A0", "gold", [ "v28.8", "h134" ] ],
    [ "uno:GND.3", "pot1:GND", "black", [ "v134.3", "h-15.2" ] ],
    [ "pot2:GND", "uno:GND.1", "black", [ "v9.6", "h-48", "v-115.2", "h240" ] ],
    [ "pot2:VCC", "uno:5V", "red", [ "v19.2", "h162.4", "v67.2", "h57.6" ] ],
    [ "pot3:VCC", "uno:5V", "red", [ "v19.2", "h37.6", "v-153.6", "h96", "v48", "h67.2" ] ],
    [ "pot3:GND", "uno:GND.1", "black", [ "v19.2", "h-76.8", "v-326.4", "h259.2" ] ],
    [
      "uno:A2",
      "pot2:SIG",
      "gray",
      [ "v38.3", "h-120.8", "v-19.2", "h-105.6", "v-76.8", "h-67.2" ]
    ],
    [ "uno:A1", "pot3:SIG", "#8f4814", [ "v153.5", "h-5.7" ] ]
  ],
  "dependencies": {}
}